title,testtitle,testimage
test feed 1,hi,http://droplettest.local/sites/default/files/Aerospace.png
test feed 2,hello,http://droplettest.local/sites/default/files/icon-02_2.png
test feed 3,looks good,
test feed 4,random,
test feed 5,text,
test feed 6,insertion,
test feed 7,8,
test feed 8,9,
test feed 9,10,
test feed 10,11,
test feed 11,12,
test feed 12,13,
test feed 13,looks good,http://droplettest.local/sites/default/files/icon-02_2.png
test feed 14,looks good 1,http://droplettest.local/sites/default/files/Aerospace.png
test feed 14,looks good 2,http://droplettest.local/sites/default/files/icon-02_2.png
